"ID","Gene_position","Y/N_MTXLEF","order","variable","rho","p"
"Q5VTE0_R(pa)GNVAGDSK_","EEF1A1P5(R322)","down_MTXLEF","c EEF1A1P5(R322)","1DAS28",-0.144119693014487,0.0496998707978074
"P09669_FR(pa)VADQR(pa)K_","COX6C(R40;R45)","down_MTXLEF","e COX6C(R40;R45)","1DAS28",-0.104869093825798,0.0750826314390121
"P21810_AFSPLR(pa)K_","BGN(R138)",NA,"s BGN(R138)","1DAS28",-0.093394079572596,0.249293411459086
"P02671_CPSGCR(pa)MK_","FGA(R69)","down_MTXLEF","f FGA(R69)","1DAS28",-0.0756414182314476,0.171077197764001
"O00299_R(pa)R(pa)TETVQK_","CLIC1(R50;R51)","down_MTXLEF","g CLIC1(R50;R51)","1DAS28",-0.0784573871045348,0.210896426388221
"P25705_R(pa)LTDADAMK_","ATP5F1A(R262)","down_MTXLEF","r ATP5F1A(R262)","1DAS28",-0.0318557212970182,0.557712592702215
"O43707_EGLLLWCQR(pa)K_","ACTN4(R175)","down_MTXLEF","h ACTN4(R175)","1DAS28",-0.145659499633787,0.170733938508874
"P10809_APGFGDNR(pa)K_","HSPD1(R309)","down_MTXLEF","i HSPD1(R309)","1DAS28",-0.110940977545178,0.156012187794526
"P31327_LSR(pa)SSALASK_","CPS1(R721)","down_MTXLEF","j CPS1(R721)","1DAS28",-0.14913422932604,0.0324006265234116
"P61981_R(pa)ATVVESSEK_","YWHAG(R143)","down_MTXLEF","k YWHAG(R143)","1DAS28",-0.198462167933119,0.00332576393844521
"O43707_AETAANR(pa)ICK_","ACTN4(R280)",NA,"u ACTN4(R280)","1DAS28",-0.0345979642729361,0.5670867067992
"P55084_TSNVAR(pa)EAALGAGFSDK_","HADHB(R117)","down_MTXLEF","l HADHB(R117)","1DAS28",-0.163486301000481,0.00249616030777055
"P35579_SR(pa)AIR(pa)QAK_","MYH9(R263;R266)","down_MTXLEF","m MYH9(R263;R266)","1DAS28",-0.0569241934640214,0.331544447324211
"Q16851_SR(pa)FVQDLSK_","UGP2(R3)","down_MTXLEF","n UGP2(R3)","1DAS28",-0.0387639887756764,0.669054120723628
"P35749_VGR(pa)DVVQK_","MYH11(R405)",NA,"v MYH11(R405)","1DAS28",-0.0693160956774993,0.188839735363109
"P00966_SQER(pa)VEGK_","ASS1(R344)","down_MTXLEF","o ASS1(R344)","1DAS28",-0.121567439279612,0.074599248101955
"P00338_NR(pa)VIGSGCNLDSAR_","LDHA(R157)","down_MTXLEF","p LDHA(R157)","1DAS28",-0.174594250621296,0.00979731143013564
"P07355_IR(pa)SEFK_","ANXA2(R304)","down_MTXLEF","q ANXA2(R304)","1DAS28",-0.148347017477413,0.0226387342823057
"P05023_R(pa)AVAGDASESALLK_","ATP1A1(R445)",NA,"w ATP1A1(R445)","1DAS28",0.168496671596836,0.0108184961626866
"P13073_VELYR(pa)IK_","COX4I1(R83)","up_MTXLEF","a COX4I1(R83)","1DAS28",0.0614561698640606,0.470711363047147
"Q5VTE0_R(pa)GNVAGDSK_","EEF1A1P5(R322)","down_MTXLEF","c EEF1A1P5(R322)","2SJC",-0.170048945477442,0.0152849792190724
"P09669_FR(pa)VADQR(pa)K_","COX6C(R40;R45)","down_MTXLEF","e COX6C(R40;R45)","2SJC",-0.105969881228829,0.0586805351280027
"P21810_AFSPLR(pa)K_","BGN(R138)",NA,"s BGN(R138)","2SJC",-0.126420047932441,0.103530223792199
"P02671_CPSGCR(pa)MK_","FGA(R69)","down_MTXLEF","f FGA(R69)","2SJC",-0.126823571877975,0.0157613981578419
"O00299_R(pa)R(pa)TETVQK_","CLIC1(R50;R51)","down_MTXLEF","g CLIC1(R50;R51)","2SJC",-0.100821959832032,0.0922164515757132
"P25705_R(pa)LTDADAMK_","ATP5F1A(R262)","down_MTXLEF","r ATP5F1A(R262)","2SJC",-0.0448513332403141,0.385175077219232
"O43707_EGLLLWCQR(pa)K_","ACTN4(R175)","down_MTXLEF","h ACTN4(R175)","2SJC",-0.111097654327675,0.266289478076891
"P10809_APGFGDNR(pa)K_","HSPD1(R309)","down_MTXLEF","i HSPD1(R309)","2SJC",-0.201121076848697,0.00678444146128411
"P31327_LSR(pa)SSALASK_","CPS1(R721)","down_MTXLEF","j CPS1(R721)","2SJC",-0.144314883574002,0.0319954759700895
"P61981_R(pa)ATVVESSEK_","YWHAG(R143)","down_MTXLEF","k YWHAG(R143)","2SJC",-0.152978272842419,0.0179555311391203
"O43707_AETAANR(pa)ICK_","ACTN4(R280)",NA,"u ACTN4(R280)","2SJC",-0.0791435427911405,0.165902658847177
"P55084_TSNVAR(pa)EAALGAGFSDK_","HADHB(R117)","down_MTXLEF","l HADHB(R117)","2SJC",-0.208651270505815,4.55436977932487e-05
"P35579_SR(pa)AIR(pa)QAK_","MYH9(R263;R266)","down_MTXLEF","m MYH9(R263;R266)","2SJC",-0.0938293023302353,0.0948572741169393
"Q16851_SR(pa)FVQDLSK_","UGP2(R3)","down_MTXLEF","n UGP2(R3)","2SJC",-0.0868324953330905,0.322168175450306
"P35749_VGR(pa)DVVQK_","MYH11(R405)",NA,"v MYH11(R405)","2SJC",-0.0807345078515991,0.107789493772274
"P00966_SQER(pa)VEGK_","ASS1(R344)","down_MTXLEF","o ASS1(R344)","2SJC",-0.146620945069466,0.0230940731670788
"P00338_NR(pa)VIGSGCNLDSAR_","LDHA(R157)","down_MTXLEF","p LDHA(R157)","2SJC",-0.183515504583728,0.00433861266809394
"P07355_IR(pa)SEFK_","ANXA2(R304)","down_MTXLEF","q ANXA2(R304)","2SJC",-0.178318945416338,0.00384993378348229
"P05023_R(pa)AVAGDASESALLK_","ATP1A1(R445)",NA,"w ATP1A1(R445)","2SJC",0.0281616826434039,0.658318746883289
"P13073_VELYR(pa)IK_","COX4I1(R83)","up_MTXLEF","a COX4I1(R83)","2SJC",0.0534058433301753,0.510654371584136
"Q5VTE0_R(pa)GNVAGDSK_","EEF1A1P5(R322)","down_MTXLEF","c EEF1A1P5(R322)","3TJC",0.0115060027225396,0.870895150737429
"P09669_FR(pa)VADQR(pa)K_","COX6C(R40;R45)","down_MTXLEF","e COX6C(R40;R45)","3TJC",-0.0329101638062695,0.559985273943087
"P21810_AFSPLR(pa)K_","BGN(R138)",NA,"s BGN(R138)","3TJC",-0.0210244830216104,0.788667839051838
"P02671_CPSGCR(pa)MK_","FGA(R69)","down_MTXLEF","f FGA(R69)","3TJC",0.0376150200230606,0.477413458359219
"O00299_R(pa)R(pa)TETVQK_","CLIC1(R50;R51)","down_MTXLEF","g CLIC1(R50;R51)","3TJC",-0.0522016664173165,0.385917158351396
"P25705_R(pa)LTDADAMK_","ATP5F1A(R262)","down_MTXLEF","r ATP5F1A(R262)","3TJC",-0.00311716615058238,0.952090741198869
"O43707_EGLLLWCQR(pa)K_","ACTN4(R175)","down_MTXLEF","h ACTN4(R175)","3TJC",-0.0907557949051501,0.369184091965073
"P10809_APGFGDNR(pa)K_","HSPD1(R309)","down_MTXLEF","i HSPD1(R309)","3TJC",-0.0132173534823496,0.860604327475103
"P31327_LSR(pa)SSALASK_","CPS1(R721)","down_MTXLEF","j CPS1(R721)","3TJC",-0.0789744825077397,0.243399924776529
"P61981_R(pa)ATVVESSEK_","YWHAG(R143)","down_MTXLEF","k YWHAG(R143)","3TJC",-0.156446788319854,0.0154841020789917
"O43707_AETAANR(pa)ICK_","ACTN4(R280)",NA,"u ACTN4(R280)","3TJC",0.0412457008742608,0.472958981272303
"P55084_TSNVAR(pa)EAALGAGFSDK_","HADHB(R117)","down_MTXLEF","l HADHB(R117)","3TJC",-0.10813456396135,0.0368393022304722
"P35579_SR(pa)AIR(pa)QAK_","MYH9(R263;R266)","down_MTXLEF","m MYH9(R263;R266)","3TJC",0.00961923867064194,0.864757203387056
"Q16851_SR(pa)FVQDLSK_","UGP2(R3)","down_MTXLEF","n UGP2(R3)","3TJC",0.0078145810510519,0.929410861720939
"P35749_VGR(pa)DVVQK_","MYH11(R405)",NA,"v MYH11(R405)","3TJC",-0.0283960609101132,0.573161305258574
"P00966_SQER(pa)VEGK_","ASS1(R344)","down_MTXLEF","o ASS1(R344)","3TJC",0.00540632460661404,0.933878409537294
"P00338_NR(pa)VIGSGCNLDSAR_","LDHA(R157)","down_MTXLEF","p LDHA(R157)","3TJC",-0.0470351227226855,0.470170248509835
"P07355_IR(pa)SEFK_","ANXA2(R304)","down_MTXLEF","q ANXA2(R304)","3TJC",-0.0302613406016104,0.627173077227863
"P05023_R(pa)AVAGDASESALLK_","ATP1A1(R445)",NA,"w ATP1A1(R445)","3TJC",0.145211467827619,0.0224472564778545
"P13073_VELYR(pa)IK_","COX4I1(R83)","up_MTXLEF","a COX4I1(R83)","3TJC",0.0616307175153989,0.449170912557859
"Q5VTE0_R(pa)GNVAGDSK_","EEF1A1P5(R322)","down_MTXLEF","c EEF1A1P5(R322)","4CRP",-0.225395539744802,0.00192489915945672
"P09669_FR(pa)VADQR(pa)K_","COX6C(R40;R45)","down_MTXLEF","e COX6C(R40;R45)","4CRP",-0.0957449496417046,0.10250560421196
"P21810_AFSPLR(pa)K_","BGN(R138)",NA,"s BGN(R138)","4CRP",-0.154177344053535,0.0554384808797203
"P02671_CPSGCR(pa)MK_","FGA(R69)","down_MTXLEF","f FGA(R69)","4CRP",-0.135687833830052,0.0132035443254863
"O00299_R(pa)R(pa)TETVQK_","CLIC1(R50;R51)","down_MTXLEF","g CLIC1(R50;R51)","4CRP",-0.0310713012325217,0.619347344646841
"P25705_R(pa)LTDADAMK_","ATP5F1A(R262)","down_MTXLEF","r ATP5F1A(R262)","4CRP",-0.0887570849655509,0.0997933566636577
"O43707_EGLLLWCQR(pa)K_","ACTN4(R175)","down_MTXLEF","h ACTN4(R175)","4CRP",-0.0613946704824306,0.560988194516961
"P10809_APGFGDNR(pa)K_","HSPD1(R309)","down_MTXLEF","i HSPD1(R309)","4CRP",-0.199030844839845,0.0101484876465322
"P31327_LSR(pa)SSALASK_","CPS1(R721)","down_MTXLEF","j CPS1(R721)","4CRP",-0.162348408457465,0.0191357215797463
"P61981_R(pa)ATVVESSEK_","YWHAG(R143)","down_MTXLEF","k YWHAG(R143)","4CRP",-0.172744354518295,0.01061530277185
"O43707_AETAANR(pa)ICK_","ACTN4(R280)",NA,"u ACTN4(R280)","4CRP",-0.0796218247439122,0.18402029169115
"P55084_TSNVAR(pa)EAALGAGFSDK_","HADHB(R117)","down_MTXLEF","l HADHB(R117)","4CRP",-0.0745326082034558,0.167814162915004
"P35579_SR(pa)AIR(pa)QAK_","MYH9(R263;R266)","down_MTXLEF","m MYH9(R263;R266)","4CRP",-0.0807824668262523,0.16640242546159
"Q16851_SR(pa)FVQDLSK_","UGP2(R3)","down_MTXLEF","n UGP2(R3)","4CRP",-0.072221494949136,0.423482089280158
"P35749_VGR(pa)DVVQK_","MYH11(R405)",NA,"v MYH11(R405)","4CRP",-0.0700185577115764,0.181957227891448
"P00966_SQER(pa)VEGK_","ASS1(R344)","down_MTXLEF","o ASS1(R344)","4CRP",-0.210178704311977,0.00176257695250852
"P00338_NR(pa)VIGSGCNLDSAR_","LDHA(R157)","down_MTXLEF","p LDHA(R157)","4CRP",-0.142243997747874,0.0345686521532734
"P07355_IR(pa)SEFK_","ANXA2(R304)","down_MTXLEF","q ANXA2(R304)","4CRP",-0.232473558263055,0.00028907283024598
"P05023_R(pa)AVAGDASESALLK_","ATP1A1(R445)",NA,"w ATP1A1(R445)","4CRP",0.222774520238435,0.000648507834542845
"P13073_VELYR(pa)IK_","COX4I1(R83)","up_MTXLEF","a COX4I1(R83)","4CRP",-0.0532851138918586,0.528824910639307
